INSERT INTO t_status (id, status)
VALUES (1, 'забронировано');
INSERT INTO t_status (id, status)
VALUES (2, 'отменено');


INSERT INTO t_transport_types (id, type_name, description)
VALUES (1, 'авио', 'Авиаперелеты'),
       (2, 'ж/д', 'Железнодорожный транспорт'),
       (3, 'автобус', 'Автобусные перевозки'),
       (4, 'микс', 'Комбинированный транспорт');



INSERT INTO t_routes (id, departure_city, arrival_city, departure_time, arrival_time, transport_type_id, price)
VALUES ('R001', 'Москва', 'Санкт-Петербург', '2025-03-01 08:00:00', '2025-03-01 10:00:00', 1, 110.0),
       ('R002', 'Санкт-Петербург', 'Казань', '2025-03-02 08:00:00', '2025-03-02 10:00:00', 2, 120.0),
       ('R003', 'Казань', 'Новосибирск', '2025-03-03 08:00:00', '2025-03-03 10:00:00', 3, 130.0),
       ('R004', 'Новосибирск', 'Екатеринбург', '2025-03-04 08:00:00', '2025-03-04 10:00:00', 4, 140.0),
       ('R005', 'Екатеринбург', 'Нижний Новгород', '2025-03-05 08:00:00', '2025-03-05 10:00:00', 1, 150.0),
       ('R006', 'Нижний Новгород', 'Самара', '2025-03-06 08:00:00', '2025-03-06 10:00:00', 2, 160.0),
       ('R007', 'Самара', 'Омск', '2025-03-07 08:00:00', '2025-03-07 10:00:00', 3, 170.0),
       ('R008', 'Омск', 'Воронеж', '2025-03-08 08:00:00', '2025-03-08 10:00:00', 4, 180.0),
       ('R009', 'Воронеж', 'Красноярск', '2025-03-09 08:00:00', '2025-03-09 10:00:00', 1, 190.0),
       ('R010', 'Красноярск', 'Москва', '2025-03-10 08:00:00', '2025-03-10 10:00:00', 2, 200.0),
       ('R011', 'Москва', 'Санкт-Петербург', '2025-03-11 08:00:00', '2025-03-11 10:00:00', 3, 210.0),
       ('R012', 'Санкт-Петербург', 'Казань', '2025-03-12 08:00:00', '2025-03-12 10:00:00', 4, 220.0),
       ('R013', 'Казань', 'Новосибирск', '2025-03-13 08:00:00', '2025-03-13 10:00:00', 1, 230.0),
       ('R014', 'Новосибирск', 'Екатеринбург', '2025-03-14 08:00:00', '2025-03-14 10:00:00', 2, 240.0),
       ('R015', 'Екатеринбург', 'Нижний Новгород', '2025-03-15 08:00:00', '2025-03-15 10:00:00', 3, 250.0),
       ('R016', 'Нижний Новгород', 'Самара', '2025-03-16 08:00:00', '2025-03-16 10:00:00', 4, 260.0),
       ('R017', 'Самара', 'Омск', '2025-03-17 08:00:00', '2025-03-17 10:00:00', 1, 270.0),
       ('R018', 'Омск', 'Воронеж', '2025-03-18 08:00:00', '2025-03-18 10:00:00', 2, 280.0),
       ('R019', 'Воронеж', 'Красноярск', '2025-03-19 08:00:00', '2025-03-19 10:00:00', 3, 290.0),
       ('R020', 'Красноярск', 'Москва', '2025-03-20 08:00:00', '2025-03-20 10:00:00', 4, 300.0),
       ('R021', 'Москва', 'Санкт-Петербург', '2025-03-21 08:00:00', '2025-03-21 10:00:00', 1, 310.0),
       ('R022', 'Санкт-Петербург', 'Казань', '2025-03-22 08:00:00', '2025-03-22 10:00:00', 2, 320.0),
       ('R023', 'Казань', 'Новосибирск', '2025-03-23 08:00:00', '2025-03-23 10:00:00', 3, 330.0),
       ('R024', 'Новосибирск', 'Екатеринбург', '2025-03-24 08:00:00', '2025-03-24 10:00:00', 4, 340.0),
       ('R025', 'Екатеринбург', 'Нижний Новгород', '2025-03-25 08:00:00', '2025-03-25 10:00:00', 1, 350.0),
       ('R026', 'Нижний Новгород', 'Самара', '2025-03-26 08:00:00', '2025-03-26 10:00:00', 2, 360.0),
       ('R027', 'Самара', 'Омск', '2025-03-27 08:00:00', '2025-03-27 10:00:00', 3, 370.0),
       ('R028', 'Омск', 'Воронеж', '2025-03-28 08:00:00', '2025-03-28 10:00:00', 4, 380.0),
       ('R029', 'Воронеж', 'Красноярск', '2025-03-29 08:00:00', '2025-03-29 10:00:00', 1, 390.0),
       ('R030', 'Красноярск', 'Москва', '2025-03-30 08:00:00', '2025-03-30 10:00:00', 2, 400.0),
       ('R031', 'Москва', 'Санкт-Петербург', '2025-03-31 08:00:00', '2025-03-31 10:00:00', 3, 410.0);

-- Записи с i = 32 ... 40 (апрель: день = i-31)
INSERT INTO t_routes (id, departure_city, arrival_city, departure_time, arrival_time, transport_type_id, price)
VALUES ('R032', 'Санкт-Петербург', 'Казань', '2025-04-01 08:00:00', '2025-04-01 10:00:00', 4, 420.0),
       ('R033', 'Казань', 'Новосибирск', '2025-04-02 08:00:00', '2025-04-02 10:00:00', 1, 430.0),
       ('R034', 'Новосибирск', 'Екатеринбург', '2025-04-03 08:00:00', '2025-04-03 10:00:00', 2, 440.0),
       ('R035', 'Екатеринбург', 'Нижний Новгород', '2025-04-04 08:00:00', '2025-04-04 10:00:00', 3, 450.0),
       ('R036', 'Нижний Новгород', 'Самара', '2025-04-05 08:00:00', '2025-04-05 10:00:00', 4, 460.0),
       ('R037', 'Самара', 'Омск', '2025-04-06 08:00:00', '2025-04-06 10:00:00', 1, 470.0),
       ('R038', 'Омск', 'Воронеж', '2025-04-07 08:00:00', '2025-04-07 10:00:00', 2, 480.0),
       ('R039', 'Воронеж', 'Красноярск', '2025-04-08 08:00:00', '2025-04-08 10:00:00', 3, 490.0),
       ('R040', 'Красноярск', 'Москва', '2025-04-09 08:00:00', '2025-04-09 10:00:00', 4, 500.0);



INSERT INTO t_bookings (id, route_id, booking_time, status_id)
VALUES ('B001', 'R001', '2025-02-28 09:00:00', 1),
       ('B002', 'R002', '2025-02-28 09:15:00', 2),
       ('B003', 'R003', '2025-02-28 09:30:00', 1),
       ('B004', 'R004', '2025-02-28 09:45:00', 2),
       ('B005', 'R005', '2025-02-28 10:00:00', 1),
       ('B006', 'R006', '2025-02-28 10:15:00', 2),
       ('B007', 'R007', '2025-02-28 10:30:00', 1),
       ('B008', 'R008', '2025-02-28 10:45:00', 2),
       ('B009', 'R009', '2025-02-28 11:00:00', 1),
       ('B010', 'R010', '2025-02-28 11:15:00', 2),
       ('B011', 'R011', '2025-02-28 11:30:00', 1),
       ('B012', 'R012', '2025-02-28 11:45:00', 2),
       ('B013', 'R013', '2025-02-28 12:00:00', 1),
       ('B014', 'R014', '2025-02-28 12:15:00', 2),
       ('B015', 'R015', '2025-02-28 12:30:00', 1),
       ('B016', 'R016', '2025-02-28 12:45:00', 2),
       ('B017', 'R017', '2025-02-28 13:00:00', 1),
       ('B018', 'R018', '2025-02-28 13:15:00', 2),
       ('B019', 'R019', '2025-02-28 13:30:00', 1),
       ('B020', 'R020', '2025-02-28 13:45:00', 2),
       ('B021', 'R021', '2025-02-28 14:00:00', 1),
       ('B022', 'R022', '2025-02-28 14:15:00', 2),
       ('B023', 'R023', '2025-02-28 14:30:00', 1),
       ('B024', 'R024', '2025-02-28 14:45:00', 2),
       ('B025', 'R025', '2025-02-28 15:00:00', 1),
       ('B026', 'R026', '2025-02-28 15:15:00', 2),
       ('B027', 'R027', '2025-02-28 15:30:00', 1),
       ('B028', 'R028', '2025-02-28 15:45:00', 2),
       ('B029', 'R029', '2025-02-28 16:00:00', 1),
       ('B030', 'R030', '2025-02-28 16:15:00', 2),
       ('B031', 'R031', '2025-02-28 16:30:00', 1),
       ('B032', 'R032', '2025-02-28 16:45:00', 2),
       ('B033', 'R033', '2025-02-28 17:00:00', 1),
       ('B034', 'R034', '2025-02-28 17:15:00', 2),
       ('B035', 'R035', '2025-02-28 17:30:00', 1),
       ('B036', 'R036', '2025-02-28 17:45:00', 2),
       ('B037', 'R037', '2025-02-28 18:00:00', 1),
       ('B038', 'R038', '2025-02-28 18:15:00', 2),
       ('B039', 'R039', '2025-02-28 18:30:00', 1),
       ('B040', 'R040', '2025-02-28 18:45:00', 2);


INSERT INTO t_user (user_phone)
VALUES ('+7000000001'),
       ('+7000000002'),
       ('+7000000003'),
       ('+7000000004'),
       ('+7000000005'),
       ('+7000000006'),
       ('+7000000007'),
       ('+7000000008'),
       ('+7000000009'),
       ('+7000000010'),
       ('+7000000011'),
       ('+7000000012'),
       ('+7000000013'),
       ('+7000000014'),
       ('+7000000015'),
       ('+7000000016'),
       ('+7000000017'),
       ('+7000000018'),
       ('+7000000019'),
       ('+7000000020'),
       ('+7000000021'),
       ('+7000000022'),
       ('+7000000023'),
       ('+7000000024'),
       ('+7000000025'),
       ('+7000000026'),
       ('+7000000027'),
       ('+7000000028'),
       ('+7000000029'),
       ('+7000000030'),
       ('+7000000031'),
       ('+7000000032'),
       ('+7000000033'),
       ('+7000000034'),
       ('+7000000035'),
       ('+7000000036'),
       ('+7000000037'),
       ('+7000000038'),
       ('+7000000039'),
       ('+7000000040');


INSERT INTO t_user_bookings (user_phone, booking_id)
VALUES ('+7000000001', 'B001'),
       ('+7000000002', 'B002'),
       ('+7000000003', 'B003'),
       ('+7000000004', 'B004'),
       ('+7000000005', 'B005'),
       ('+7000000006', 'B006'),
       ('+7000000007', 'B007'),
       ('+7000000008', 'B008'),
       ('+7000000009', 'B009'),
       ('+7000000010', 'B010'),
       ('+7000000011', 'B011'),
       ('+7000000012', 'B012'),
       ('+7000000013', 'B013'),
       ('+7000000014', 'B014'),
       ('+7000000015', 'B015'),
       ('+7000000016', 'B016'),
       ('+7000000017', 'B017'),
       ('+7000000018', 'B018'),
       ('+7000000019', 'B019'),
       ('+7000000020', 'B020'),
       ('+7000000021', 'B021'),
       ('+7000000022', 'B022'),
       ('+7000000023', 'B023'),
       ('+7000000024', 'B024'),
       ('+7000000025', 'B025'),
       ('+7000000026', 'B026'),
       ('+7000000027', 'B027'),
       ('+7000000028', 'B028'),
       ('+7000000029', 'B029'),
       ('+7000000030', 'B030'),
       ('+7000000031', 'B031'),
       ('+7000000032', 'B032'),
       ('+7000000033', 'B033'),
       ('+7000000034', 'B034'),
       ('+7000000035', 'B035'),
       ('+7000000036', 'B036'),
       ('+7000000037', 'B037'),
       ('+7000000038', 'B038'),
       ('+7000000039', 'B039'),
       ('+7000000040', 'B040');
