INSERT INTO t_status (id, status)
VALUES (1, 'забронировано');
INSERT INTO t_status (id, status)
VALUES (2, 'отменено');


INSERT INTO t_transport_types (id, type_name, description)
VALUES (1, 'авио', 'Авиаперелеты'),
       (2, 'ж/д', 'Железнодорожный транспорт'),
       (3, 'автобус', 'Автобусные перевозки'),
       (4, 'микс', 'Комбинированный транспорт');



INSERT INTO t_routes (id, departure_city, arrival_city, departure_time, arrival_time, transport_type_id, price)
VALUES ('R001', 'Москва', 'Санкт-Петербург', '2025-03-01 08:00:00', '2025-03-01 10:00:00', 1, 110.0),
       ('R002', 'Санкт-Петербург', 'Казань', '2025-03-02 08:00:00', '2025-03-02 10:00:00', 2, 120.0),
       ('R003', 'Казань', 'Новосибирск', '2025-03-03 08:00:00', '2025-03-03 10:00:00', 3, 130.0),
       ('R004', 'Новосибирск', 'Екатеринбург', '2025-03-04 08:00:00', '2025-03-04 10:00:00', 4, 140.0),
       ('R005', 'Екатеринбург', 'Нижний Новгород', '2025-03-05 08:00:00', '2025-03-05 10:00:00', 1, 150.0),
       ('R006', 'Нижний Новгород', 'Самара', '2025-03-06 08:00:00', '2025-03-06 10:00:00', 2, 160.0),
       ('R007', 'Самара', 'Омск', '2025-03-07 08:00:00', '2025-03-07 10:00:00', 3, 170.0),
       ('R008', 'Омск', 'Воронеж', '2025-03-08 08:00:00', '2025-03-08 10:00:00', 4, 180.0),
       ('R009', 'Воронеж', 'Красноярск', '2025-03-09 08:00:00', '2025-03-09 10:00:00', 1, 190.0),
       ('R010', 'Красноярск', 'Москва', '2025-03-10 08:00:00', '2025-03-10 10:00:00', 2, 200.0),
       ('R011', 'Москва', 'Санкт-Петербург', '2025-03-11 08:00:00', '2025-03-11 10:00:00', 3, 210.0),
       ('R012', 'Санкт-Петербург', 'Казань', '2025-03-12 08:00:00', '2025-03-12 10:00:00', 4, 220.0),
       ('R013', 'Казань', 'Новосибирск', '2025-03-13 08:00:00', '2025-03-13 10:00:00', 1, 230.0),
       ('R014', 'Новосибирск', 'Екатеринбург', '2025-03-14 08:00:00', '2025-03-14 10:00:00', 2, 240.0),
       ('R015', 'Екатеринбург', 'Нижний Новгород', '2025-03-15 08:00:00', '2025-03-15 10:00:00', 3, 250.0),
       ('R016', 'Нижний Новгород', 'Самара', '2025-03-16 08:00:00', '2025-03-16 10:00:00', 4, 260.0),
       ('R017', 'Самара', 'Омск', '2025-03-17 08:00:00', '2025-03-17 10:00:00', 1, 270.0),
       ('R018', 'Омск', 'Воронеж', '2025-03-18 08:00:00', '2025-03-18 10:00:00', 2, 280.0),
       ('R019', 'Воронеж', 'Красноярск', '2025-03-19 08:00:00', '2025-03-19 10:00:00', 3, 290.0),
       ('R020', 'Красноярск', 'Москва', '2025-03-20 08:00:00', '2025-03-20 10:00:00', 4, 300.0),
       ('R021', 'Москва', 'Санкт-Петербург', '2025-03-21 08:00:00', '2025-03-21 10:00:00', 1, 310.0),
       ('R022', 'Санкт-Петербург', 'Казань', '2025-03-22 08:00:00', '2025-03-22 10:00:00', 2, 320.0),
       ('R023', 'Казань', 'Новосибирск', '2025-03-23 08:00:00', '2025-03-23 10:00:00', 3, 330.0),
       ('R024', 'Новосибирск', 'Екатеринбург', '2025-03-24 08:00:00', '2025-03-24 10:00:00', 4, 340.0),
       ('R025', 'Екатеринбург', 'Нижний Новгород', '2025-03-25 08:00:00', '2025-03-25 10:00:00', 1, 350.0),
       ('R026', 'Нижний Новгород', 'Самара', '2025-03-26 08:00:00', '2025-03-26 10:00:00', 2, 360.0),
       ('R027', 'Самара', 'Омск', '2025-03-27 08:00:00', '2025-03-27 10:00:00', 3, 370.0),
       ('R028', 'Омск', 'Воронеж', '2025-03-28 08:00:00', '2025-03-28 10:00:00', 4, 380.0),
       ('R029', 'Воронеж', 'Красноярск', '2025-03-29 08:00:00', '2025-03-29 10:00:00', 1, 390.0),
       ('R030', 'Красноярск', 'Москва', '2025-03-30 08:00:00', '2025-03-30 10:00:00', 2, 400.0),
       ('R031', 'Москва', 'Санкт-Петербург', '2025-03-31 08:00:00', '2025-03-31 10:00:00', 3, 410.0);

-- Записи с i = 32 ... 40 (апрель: день = i-31)
INSERT INTO t_routes (id, departure_city, arrival_city, departure_time, arrival_time, transport_type_id, price)
VALUES ('R032', 'Санкт-Петербург', 'Казань', '2025-04-01 08:00:00', '2025-04-01 10:00:00', 4, 420.0),
       ('R033', 'Казань', 'Новосибирск', '2025-04-02 08:00:00', '2025-04-02 10:00:00', 1, 430.0),
       ('R034', 'Новосибирск', 'Екатеринбург', '2025-04-03 08:00:00', '2025-04-03 10:00:00', 2, 440.0),
       ('R035', 'Екатеринбург', 'Нижний Новгород', '2025-04-04 08:00:00', '2025-04-04 10:00:00', 3, 450.0),
       ('R036', 'Нижний Новгород', 'Самара', '2025-04-05 08:00:00', '2025-04-05 10:00:00', 4, 460.0),
       ('R037', 'Самара', 'Омск', '2025-04-06 08:00:00', '2025-04-06 10:00:00', 1, 470.0),
       ('R038', 'Омск', 'Воронеж', '2025-04-07 08:00:00', '2025-04-07 10:00:00', 2, 480.0),
       ('R039', 'Воронеж', 'Красноярск', '2025-04-08 08:00:00', '2025-04-08 10:00:00', 3, 490.0),
       ('R040', 'Красноярск', 'Москва', '2025-04-09 08:00:00', '2025-04-09 10:00:00', 4, 500.0);



INSERT INTO t_bookings (id, route_id, booking_time, status_id, user_phone)
VALUES ('B001', 'R001', '2025-02-28 09:00:00', 1, '+70000000010'),
       ('B002', 'R002', '2025-02-28 09:15:00', 2, '+70000000010'),
       ('B003', 'R003', '2025-02-28 09:30:00', 1, '+70000000010'),
       ('B004', 'R004', '2025-02-28 09:45:00', 2, '+70000000010'),
       ('B005', 'R005', '2025-02-28 10:00:00', 1, '+70000000010'),
       ('B006', 'R006', '2025-02-28 10:15:00', 2, '+70000000010'),
       ('B007', 'R007', '2025-02-28 10:30:00', 1, '+70000000010'),
       ('B008', 'R008', '2025-02-28 10:45:00', 2, '+70000000010'),
       ('B009', 'R009', '2025-02-28 11:00:00', 1, '+70000000010'),
       ('B010', 'R010', '2025-02-28 11:15:00', 2, '+70000000010'),
       ('B011', 'R011', '2025-02-28 11:30:00', 1, '+70000000010'),
       ('B012', 'R012', '2025-02-28 11:45:00', 2, '+70000000010'),
       ('B013', 'R013', '2025-02-28 12:00:00', 1, '+70000000010'),
       ('B014', 'R014', '2025-02-28 12:15:00', 2, '+70000000010'),
       ('B015', 'R015', '2025-02-28 12:30:00', 1, '+70000000010'),
       ('B016', 'R016', '2025-02-28 12:45:00', 2, '+70000000010'),
       ('B017', 'R017', '2025-02-28 13:00:00', 1, '+70000000010'),
       ('B018', 'R018', '2025-02-28 13:15:00', 2, '+70000000010'),
       ('B019', 'R019', '2025-02-28 13:30:00', 1, '+70000000010'),
       ('B020', 'R020', '2025-02-28 13:45:00', 2, '+70000000010'),
       ('B021', 'R021', '2025-02-28 14:00:00', 1, '+70000000020'),
       ('B022', 'R022', '2025-02-28 14:15:00', 2,'+70000000020'),
       ('B023', 'R023', '2025-02-28 14:30:00', 1,'+70000000020'),
       ('B024', 'R024', '2025-02-28 14:45:00', 2,'+70000000020'),
       ('B025', 'R025', '2025-02-28 15:00:00', 1,'+70000000020'),
       ('B026', 'R026', '2025-02-28 15:15:00', 2,'+70000000020'),
       ('B027', 'R027', '2025-02-28 15:30:00', 1,'+70000000020'),
       ('B028', 'R028', '2025-02-28 15:45:00', 2,'+70000000020'),
       ('B029', 'R029', '2025-02-28 16:00:00', 1, '+70000000070'),
       ('B030', 'R030', '2025-02-28 16:15:00', 2, '+70000000070'),
       ('B031', 'R031', '2025-02-28 16:30:00', 1, '+70000000070'),
       ('B032', 'R032', '2025-02-28 16:45:00', 2, '+70000000070'),
       ('B033', 'R033', '2025-02-28 17:00:00', 1, '+70000000070'),
       ('B034', 'R034', '2025-02-28 17:15:00', 2, '+70000000070');


INSERT INTO t_user (user_phone)
VALUES ('+70000000010'),
       ('+70000000020'),
       ('+70000000070');
